測定年度,測定局コード,市町村コード,測定項目コード,測定単位コード,測定月,測定日,01h,02h,03h,04h,05h,06h,07h,08h,09h,10h,11h,12h,13h,14h,15h,16h,17h,18h,19h,20h,21h,22h,23h,24h
2016,14131030,131,RAIN,MM    , 4, 1,   0,   0,   0,   0,   0,   0,   0,   0,   0,   0,   0,   0,   0,   0,   0,   0,   0,   0,   0,   0,   0,   1,   1,   1
2016,14131030,131,RAIN,MM    , 4, 2,   0,   0,   1,   0,   0,   0,   0,   0,   0,   0,   0,   0,   0,   0,   0,   0,   0,   0,   0,   0,   0,   0,   0,   0
2016,14131030,131,RAIN,MM    , 4, 3,   0,   0,   0,   0,   1,   0,   0,   1,   1,   1,   0,   0,   0,   0,   0,   0,   0,   0,   0,   0,   0,   0,   0,   0
2016,14131030,131,RAIN,MM    , 4, 4,   0,   0,   0,   1,   1,   0,   5,   0,   0,   1,   0,   0,   0,   0,   0,   0,   0,   0,   0,   0,   0,   0,   0,   0
2016,14131030,131,RAIN,MM    , 4, 5,   0,   0,   0,   0,   0,   0,   1,   0,   0,   0,   0,   0,   0,   0,   0,   0,   0,   0,   0,   0,   0,   0,   0,   0
2016,14131030,131,RAIN,MM    , 4, 6,   0,   0,   0,   0,   0,   0,   0,   0,   0,   0,   0,   0,   0,   0,   0,   0,   0,   0,   0,   0,   0,   0,   0,   0
2016,14131030,131,RAIN,MM    , 4, 7,   0,   0,   0,   0,   0,   0,   1,   4,   8,   7,   8,   2,   6,   3,   1,   0,   1,   0,   0,   0,   0,   0,   0,   0
2016,14131030,131,RAIN,MM    , 4, 8,   0,   0,   0,   0,   0,   0,   0,   0,   0,   0,   0,   0,   0,   0,   0,   0,   0,   0,   0,   0,   0,   0,   0,   0
2016,14131030,131,RAIN,MM    , 4, 9,   0,   0,   0,   0,   0,   0,   0,   0,   0,   0,   0,   0,   0,   0,   0,   0,   0,   0,   0,   0,   0,   0,   0,   0
2016,14131030,131,RAIN,MM    , 4,10,   0,   0,   0,   0,   0,   0,   0,   0,   0,   0,   0,   0,   0,   0,   0,   0,   0,   0,   0,   0,   0,   0,   0,   0
2016,14131030,131,RAIN,MM    , 4,11,   0,   0,   0,   0,   0,   0,   0,   0,   0,   0,   0,   0,   0,   0,   0,   0,   0,   0,   0,   0,   0,   0,   0,   0
2016,14131030,131,RAIN,MM    , 4,12,   0,   0,   0,   0,   0,   0,   0,   0,   0,   0,   0,   0,   0,   0,   0,   0,   0,   0,   0,   0,   0,   0,   0,   0
2016,14131030,131,RAIN,MM    , 4,13,   0,   0,   0,   0,   0,   0,   0,   0,   0,   0,   0,   0,   0,   0,   0,   0,   0,   0,   0,   0,   0,   2,   1,   2
2016,14131030,131,RAIN,MM    , 4,14,   5,   7,   9,   7,   3,   1,   0,   0,   1,   0,   0,   0,   0,   0,   0,   0,   0,   0,   0,   0,   0,   0,   0,   0
2016,14131030,131,RAIN,MM    , 4,15,   0,   0,   0,   0,   0,   0,   0,   0,   0,   0,   0,   0,   0,   0,   0,   0,   0,   0,   0,   0,   0,   0,   0,   0
2016,14131030,131,RAIN,MM    , 4,16,   0,   0,   0,   0,   0,   0,   0,   0,   0,   0,   0,   0,   0,   0,   0,   0,   0,   0,   0,   0,   0,   0,   0,   0
2016,14131030,131,RAIN,MM    , 4,17,   0,   0,   0,   0,   0,   0,   0,   0,   0,   0,   0,   0,   1,   0,   0,   0,   0,   0,   0,   0,   0,   0,   0,   0
2016,14131030,131,RAIN,MM    , 4,18,   0,   0,   0,   0,   0,   0,   0,   0,   0,   0,   0,   0,   0,   0,   0,   0,   0,   0,   0,   0,   1,   0,   0,   0
2016,14131030,131,RAIN,MM    , 4,19,   0,   0,   0,   0,   0,   0,   0,   0,   0,   0,   0,   0,   0,   0,   0,   0,   0,   0,   0,   0,   0,   0,   0,   0
2016,14131030,131,RAIN,MM    , 4,20,   0,   0,   0,   0,   0,   0,   0,   0,   0,   0,   0,   0,   0,   0,   0,   0,   0,   0,   0,   0,   0,   0,   0,   0
2016,14131030,131,RAIN,MM    , 4,21,   0,   0,   0,   0,   0,   0,   0,   0,   0,   0,   0,   0,   0,   0,   0,   0,   0,   1,   0,   0,   0,   1,   2,   2
2016,14131030,131,RAIN,MM    , 4,22,   0,   1,   0,   0,   0,   0,   0,   0,   0,   0,   0,   0,   0,   0,   0,   0,   0,   0,   0,   0,   0,   0,   0,   0
2016,14131030,131,RAIN,MM    , 4,23,   0,   0,   0,   0,   0,   0,   0,   0,   0,   0,   0,   0,   0,   0,   0,   0,   0,   0,   0,   0,   0,   0,   0,   0
2016,14131030,131,RAIN,MM    , 4,24,   0,   0,   0,   0,   0,   3,   1,   1,   0,   0,   0,   1,   0,   0,   0,   0,   0,   0,   0,   0,   0,   0,   0,   0
2016,14131030,131,RAIN,MM    , 4,25,   0,   0,   0,   0,   0,   0,   0,   0,   0,   0,   0,   0,   0,   0,   0,   0,   0,   0,   0,   0,   0,   0,   0,   0
2016,14131030,131,RAIN,MM    , 4,26,   0,   0,   0,   0,   0,   0,   0,   0,   0,   0,   0,   0,   0,   0,   0,   0,   0,   0,   0,   0,   0,   0,   0,   0
2016,14131030,131,RAIN,MM    , 4,27,   0,   0,   0,   0,   0,   0,   0,   0,   0,   0,   0,   0,   0,   0,   0,   0,   0,   0,   0,   0,   0,   0,   0,   0
2016,14131030,131,RAIN,MM    , 4,28,   1,   0,   0,   0,   1,   3,   4,   2,   3,   4,   1,   2,   1,   1,   1,   0,   1,   0,   1,   0,   0,   1,   1,   0
2016,14131030,131,RAIN,MM    , 4,29,   0,   0,   0,   0,   0,   0,   0,   0,   0,   0,   0,   0,   0,   0,   0,   0,   0,   0,   0,   0,   0,   0,   0,   0
2016,14131030,131,RAIN,MM    , 4,30,   0,   0,   0,   0,   0,   0,   0,   0,   0,   0,   0,   0,   0,   0,   0,   0,   0,   0,   0,   0,   0,   0,   0,   0
2016,14131030,131,RAIN,MM    , 4,31,9998,9998,9998,9998,9998,9998,9998,9998,9998,9998,9998,9998,9998,9998,9998,9998,9998,9998,9998,9998,9998,9998,9998,9998
2016,14131030,131,RAIN,MM    , 5, 1,   0,   0,   0,   0,   0,   0,   0,   0,   0,   0,   0,   0,   0,   0,   0,   0,   0,   0,   0,   0,   0,   0,   0,   0
2016,14131030,131,RAIN,MM    , 5, 2,   0,   0,   0,   0,   0,   0,   0,   0,   0,   0,   0,   0,   0,   0,   0,   0,   0,   0,   0,   0,   0,   0,   0,   0
2016,14131030,131,RAIN,MM    , 5, 3,   0,   0,   0,   0,   0,   0,   0,   0,   0,   0,   0,   0,   0,   0,   0,   0,   0,   0,   0,   0,   0,   0,   0,   0
2016,14131030,131,RAIN,MM    , 5, 4,   0,   0,   0,   0,   0,   9,   3,   1,   1,   0,   0,   0,   0,   0,   0,   0,   0,   0,   0,   0,   0,   0,   0,   0
2016,14131030,131,RAIN,MM    , 5, 5,   0,   0,   0,   0,   0,   0,   0,   0,   0,   0,   0,   0,   0,   0,   0,   0,   0,   0,   0,   0,   0,   0,   0,   0
2016,14131030,131,RAIN,MM    , 5, 6,   0,   0,   0,   0,   0,   0,   0,   0,   0,   0,   0,   0,   0,   0,   0,   0,   0,   0,   0,   0,   0,   0,   1,   1
2016,14131030,131,RAIN,MM    , 5, 7,   0,   0,   0,   0,   0,   0,   0,   0,   0,   0,   0,   0,   0,   0,   0,   0,   0,   0,   0,   0,   0,   0,   0,   0
2016,14131030,131,RAIN,MM    , 5, 8,   0,   0,   0,   0,   0,   0,   0,   0,   0,   0,   0,   0,   0,   0,   0,   0,   0,   0,   0,   0,   0,   0,   0,   0
2016,14131030,131,RAIN,MM    , 5, 9,   0,   0,   0,   0,   0,   0,   0,   0,   0,   0,   0,   0,   0,   0,   0,   0,   1,   1,   2,   2,   4,   3,   4,   3
2016,14131030,131,RAIN,MM    , 5,10,   2,   2,   1,   0,   0,   0,   0,   0,   0,   0,   0,   0,   0,   0,   0,   0,   0,   0,   0,   0,   0,   0,   0,   1
2016,14131030,131,RAIN,MM    , 5,11,   5,   2,   0,   0,   2,   0,   0,   0,   0,   0,   0,   0,   0,   0,   0,   0,   0,   0,   0,   0,   0,   0,   0,   0
2016,14131030,131,RAIN,MM    , 5,12,   0,   0,   0,   0,   0,   0,   0,   0,   0,   0,   0,   0,   0,   0,   0,   0,   0,   0,   0,   0,   0,   0,   0,   0
2016,14131030,131,RAIN,MM    , 5,13,   0,   0,   0,   0,   0,   0,   0,   0,   0,   0,   0,   0,   0,   0,   0,   0,   0,   0,   0,   0,   0,   0,   0,   0
2016,14131030,131,RAIN,MM    , 5,14,   0,   0,   0,   0,   0,   0,   0,   0,   0,   0,   0,   0,   0,   0,   0,   0,   0,   0,   0,   0,   0,   0,   0,   0
2016,14131030,131,RAIN,MM    , 5,15,   0,   0,   0,   0,   0,   0,   0,   0,   0,   0,   0,   0,   0,   0,   0,   0,   0,   0,   0,   0,   0,   0,   0,   0
2016,14131030,131,RAIN,MM    , 5,16,   0,   0,   0,   0,   0,   0,   0,   0,   0,   0,   0,   0,   0,   0,   0,   0,   0,   0,   0,   0,   0,   0,   0,   0
2016,14131030,131,RAIN,MM    , 5,17,   0,   0,   0,   0,   0,   1,   1,   6,   8,   3,   1,   1,   0,   2,   5,   1,   0,   0,   0,   0,   0,   0,   0,   0
2016,14131030,131,RAIN,MM    , 5,18,   0,   0,   0,   0,   0,   0,   0,   0,   0,   0,   0,   0,   0,   0,   0,   0,   0,   0,   0,   0,   0,   0,   0,   0
2016,14131030,131,RAIN,MM    , 5,19,   0,   0,   0,   0,   0,   0,   0,   0,   0,   0,   0,   0,   0,   0,   0,   0,   0,   0,   0,   0,   0,   0,   0,   0
2016,14131030,131,RAIN,MM    , 5,20,   0,   0,   0,   0,   0,   0,   0,   0,   0,   0,   0,   0,   0,   0,   0,   0,   0,   0,   0,   0,   0,   0,   0,   0
2016,14131030,131,RAIN,MM    , 5,21,   0,   0,   0,   0,   0,   0,   0,   0,   0,   0,   0,   0,   0,   0,   0,   0,   0,   0,   0,   1,   0,   1,   0,   0
2016,14131030,131,RAIN,MM    , 5,22,   0,   0,   0,   0,   0,   0,   0,   0,   0,   0,   0,   0,   0,   0,   0,   0,   0,   0,   0,   0,   0,   0,   0,   0
2016,14131030,131,RAIN,MM    , 5,23,   0,   0,   0,   0,   0,   0,   0,   0,   0,   0,   0,   0,   0,   0,   0,   0,   0,   0,   0,   0,   0,   0,   0,   0
2016,14131030,131,RAIN,MM    , 5,24,   0,   0,   0,   0,   0,   0,   0,   0,   0,   0,   0,   0,   0,   0,   0,   0,   0,   0,   0,   0,   0,   0,   0,   0
2016,14131030,131,RAIN,MM    , 5,25,   0,   0,   0,   0,   0,   0,   0,   0,   0,   0,   0,   0,   0,   0,   0,   0,   0,   0,   0,   0,   0,   0,   0,   0
2016,14131030,131,RAIN,MM    , 5,26,   0,   0,   0,   0,   0,   0,   0,   0,   0,   0,   0,   0,   0,   0,   0,   0,   0,   0,   0,   0,   0,   0,   0,   0
2016,14131030,131,RAIN,MM    , 5,27,   0,   0,   0,   0,   1,   3,   4,   3,   4,   4,   2,   0,   0,   0,   0,   0,   0,   0,   0,   0,   0,   0,   0,   0
2016,14131030,131,RAIN,MM    , 5,28,   0,   0,   0,   0,   0,   0,   0,   0,   0,   0,   0,   0,   0,   0,   0,   0,   0,   0,   0,   0,   0,   0,   0,   0
2016,14131030,131,RAIN,MM    , 5,29,   0,   0,   0,   0,   0,   0,   0,   0,   0,   0,   0,   0,   0,   0,   0,   0,   0,   0,   0,   0,   0,   0,   0,   0
2016,14131030,131,RAIN,MM    , 5,30,   0,   0,   0,   0,   2,   4,   6,   8,   3,   0,   0,   0,   0,   1,   0,   0,   0,   1,   0,   1,   0,   1,   0,   0
2016,14131030,131,RAIN,MM    , 5,31,   0,   0,   0,   0,   0,   0,   0,   0,   0,   0,   0,   0,   0,   0,   0,   0,   0,   0,   0,   0,   0,   0,   0,   0
2016,14131030,131,RAIN,MM    , 6, 1,   0,   0,   0,   0,   0,   0,   0,   0,   0,   0,   0,   0,   0,   0,   0,   0,   0,   0,   0,   0,   0,   0,   0,   0
2016,14131030,131,RAIN,MM    , 6, 2,   0,   0,   0,   0,   0,   0,   0,   0,   0,   0,   0,   0,   0,   0,   0,   0,   0,   0,   0,   0,   0,   0,   0,   0
2016,14131030,131,RAIN,MM    , 6, 3,   0,   0,   0,   0,   0,   0,   0,   0,   0,   0,   0,   0,   0,   0,   0,   0,   0,   0,   0,   0,   0,   0,   0,   0
2016,14131030,131,RAIN,MM    , 6, 4,   0,   0,   0,   0,   0,   0,   0,   0,   0,   0,   0,   0,   0,   0,   0,   0,   0,   0,   0,   0,   0,   0,   0,   0
2016,14131030,131,RAIN,MM    , 6, 5,   0,   0,   0,   0,   0,   0,   1,   1,   2,   1,   0,   0,   1,   0,   0,   0,   0,   0,   0,   0,   0,   0,   0,   0
2016,14131030,131,RAIN,MM    , 6, 6,   0,   0,   0,   0,   0,   0,   0,   0,   0,   0,   0,   0,   0,   0,   0,   0,   0,   0,   0,   0,   0,   0,   0,   0
2016,14131030,131,RAIN,MM    , 6, 7,   0,   0,   0,   0,   0,   0,   0,   0,   0,   0,   0,   0,   0,   0,   0,   0,   0,   0,   0,   0,   0,   0,   0,   0
2016,14131030,131,RAIN,MM    , 6, 8,   0,   0,   1,   0,   0,   0,   0,   0,   0,   0,   0,   0,   0,   0,   0,   0,   0,   0,   0,   0,   0,   0,   0,   0
2016,14131030,131,RAIN,MM    , 6, 9,   0,   1,   1,   2,   4,   5,   0,   0,   0,   0,   0,   0,   0,   0,   1,   0,   0,   0,   0,   0,   0,   0,   0,   0
2016,14131030,131,RAIN,MM    , 6,10,   0,   0,   0,   0,   0,   0,   0,   0,   0,   0,   0,   0,   0,   0,   0,   0,   0,   0,   0,   0,   0,   0,   0,   0
2016,14131030,131,RAIN,MM    , 6,11,   0,   0,   0,   0,   0,   0,   0,   0,   0,   0,   0,   0,   0,   0,   0,   0,   0,   0,   0,   0,   0,   0,   0,   0
2016,14131030,131,RAIN,MM    , 6,12,   0,   0,   0,   0,   0,   0,   0,   0,   0,   0,   0,   0,   0,   0,   0,   0,   0,   0,   0,   0,   0,   0,   0,   0
2016,14131030,131,RAIN,MM    , 6,13,   0,   0,   1,   3,   9,  12,  11,  14,  11,   5,   5,   4,   2,   1,   0,   1,   1,   0,   0,   0,   0,   0,   0,   0
2016,14131030,131,RAIN,MM    , 6,14,   0,   0,   0,   0,   0,   0,   0,   0,   0,   0,   0,   0,   0,   0,   0,   0,   0,   0,   0,   0,   0,   0,   0,   0
2016,14131030,131,RAIN,MM    , 6,15,   0,   0,   0,   0,   0,   0,   0,   0,   0,   0,   0,   0,   0,   0,   0,   0,   0,   0,   0,   0,   0,   0,   0,   0
2016,14131030,131,RAIN,MM    , 6,16,   0,   0,   0,   0,   0,   0,   0,   0,   0,   0,   0,   0,   0,   0,   0,   0,   0,   0,   0,   1,   1,   2,   1,   1
2016,14131030,131,RAIN,MM    , 6,17,   1,   1,   0,   0,   0,   0,   0,   0,   0,   0,   0,   0,   0,   0,   0,   0,   0,   0,   0,   0,   0,   0,   0,   0
2016,14131030,131,RAIN,MM    , 6,18,   0,   0,   0,   0,   0,   0,   0,   0,   0,   0,   0,   0,   0,   0,   0,   0,   0,   0,   0,   0,   0,   0,   0,   0
2016,14131030,131,RAIN,MM    , 6,19,   0,   0,   0,   0,   0,   0,   0,   0,   0,   0,   0,   0,   0,   0,   0,   0,   0,   0,   0,   0,   0,   0,   2,   0
2016,14131030,131,RAIN,MM    , 6,20,   1,   1,   0,   0,   0,   0,   1,   0,   0,   0,   0,   0,   0,   0,   0,   0,   0,   0,   0,   0,   0,   0,   0,   0
2016,14131030,131,RAIN,MM    , 6,21,   0,   0,   0,   0,   0,   0,   0,   0,   1,   1,   1,   4,   3,   0,   0,   0,   0,   0,   0,   0,   0,   0,   0,   0
2016,14131030,131,RAIN,MM    , 6,22,   0,   0,   0,   0,   0,   0,   0,   0,   1,   1,   0,   0,   0,   0,   0,   0,   0,   0,   0,   0,   0,   0,   0,   0
2016,14131030,131,RAIN,MM    , 6,23,   0,   0,   1,   1,   1,   0,   3,   3,   2,   1,   0,   0,   0,   0,   0,   0,   0,   0,   0,   0,   0,   0,   0,   0
2016,14131030,131,RAIN,MM    , 6,24,   0,   0,   0,   0,   0,   0,   0,   0,   0,   0,   0,   0,   0,   0,   0,   0,   0,   0,   0,   0,   0,   0,   0,   0
2016,14131030,131,RAIN,MM    , 6,25,   0,   0,   0,   0,   1,   3,   0,   0,   0,   0,   0,   0,   0,   0,   0,   0,   0,   0,   0,   0,   0,   0,   0,   0
2016,14131030,131,RAIN,MM    , 6,26,   0,   0,   0,   0,   0,   0,   0,   0,   0,   0,   0,   0,   0,   0,   0,   0,   0,   0,   0,   0,   0,   0,   0,   0
2016,14131030,131,RAIN,MM    , 6,27,   0,   0,   0,   0,   0,   0,   0,   0,   0,   0,   0,   0,   0,   0,   0,   0,   0,   0,   0,   0,   0,   0,   0,   0
2016,14131030,131,RAIN,MM    , 6,28,   0,   1,   1,   1,   4,   3,   8,   2,   1,   1,   0,   0,   0,   1,   0,   0,   0,   0,   0,   0,   0,   0,   0,   0
2016,14131030,131,RAIN,MM    , 6,29,   0,   0,   0,   0,   0,   0,   0,   0,   0,   0,   0,   0,   0,   0,   0,   0,   0,   0,   0,   0,   0,   0,   0,   1
2016,14131030,131,RAIN,MM    , 6,30,   3,   1,   1,   0,   0,   0,   0,   0,   0,   0,   0,   0,   0,   0,   0,   0,   0,   0,   0,   0,   0,   0,   0,   0
2016,14131030,131,RAIN,MM    , 6,31,9998,9998,9998,9998,9998,9998,9998,9998,9998,9998,9998,9998,9998,9998,9998,9998,9998,9998,9998,9998,9998,9998,9998,9998
2016,14131030,131,RAIN,MM    , 7, 1,   0,   0,   0,   0,   0,   0,   0,   0,   0,   0,   0,   0,   0,   0,   0,   0,   0,   0,   0,   0,   0,   0,   0,   0
2016,14131030,131,RAIN,MM    , 7, 2,   0,   0,   0,   0,   0,   0,   0,   0,   0,   0,   0,   0,   0,   0,   0,   0,   0,   0,   0,   0,   0,   0,   0,   0
2016,14131030,131,RAIN,MM    , 7, 3,   0,   0,   0,   0,   0,   0,   0,   0,   0,   0,   0,   0,   0,   0,   0,   0,   0,   0,   0,   0,   0,   0,   0,   0
2016,14131030,131,RAIN,MM    , 7, 4,   0,   0,   0,   0,   0,   0,   0,   0,   0,   0,   0,   0,   0,   0,   0,   0,   0,  11,   0,   0,   0,   0,   0,   0
2016,14131030,131,RAIN,MM    , 7, 5,   0,   0,   0,   0,   0,   0,   0,   0,   0,   0,   0,   0,   0,   0,   0,   0,   0,   0,   0,   0,   0,   0,   0,   0
2016,14131030,131,RAIN,MM    , 7, 6,   0,   0,   0,   0,   0,   0,   0,   0,   0,   0,   0,   0,   0,   0,   0,   0,   0,   0,   0,   0,   0,   0,   0,   0
2016,14131030,131,RAIN,MM    , 7, 7,   0,   0,   0,   0,   0,   0,   0,   0,   0,   0,   0,   0,   0,   0,   0,   0,   0,   0,   0,   0,   0,   0,   0,   0
2016,14131030,131,RAIN,MM    , 7, 8,   0,   0,   0,   0,   0,   0,   0,   0,   0,   0,   0,   0,   0,   0,   0,   0,   0,   0,   0,   0,   0,   0,   0,   0
2016,14131030,131,RAIN,MM    , 7, 9,   0,   0,   0,   0,   1,   1,   0,   1,   1,   2,   2,   2,   2,   2,   3,   0,   0,   0,   1,   0,   0,   0,   0,   0
2016,14131030,131,RAIN,MM    , 7,10,   0,   0,   0,   0,   0,   0,   0,   0,   0,   0,   0,   0,   0,   0,   0,   0,   0,   0,   0,   0,   0,   0,   0,   0
2016,14131030,131,RAIN,MM    , 7,11,   0,   0,   0,   0,   0,   0,   0,   0,   0,   0,   0,   0,   0,   0,   0,   0,   0,   0,   0,   0,   0,   0,   0,   0
2016,14131030,131,RAIN,MM    , 7,12,   0,   0,   0,   0,   0,   0,   0,   0,   0,   0,   0,   0,   0,   0,   0,   0,   0,   0,   0,   0,   0,   0,   0,   0
2016,14131030,131,RAIN,MM    , 7,13,   0,   0,   0,   0,   0,   0,   0,   0,   0,   0,   0,   0,   0,   0,   0,   0,   0,   0,   0,   0,   0,   0,   0,   0
2016,14131030,131,RAIN,MM    , 7,14,   0,   0,   0,   0,   0,   0,   0,   0,   0,   0,   0,   0,   0,   0,   0,   0,   0,   0,   1,  44,  11,   0,   0,   0
2016,14131030,131,RAIN,MM    , 7,15,   0,   1,   0,   0,   0,   0,   0,   0,   0,   0,   0,  50,  26,   4,   1,   0,   0,   0,   0,   0,   0,   0,   0,   0
2016,14131030,131,RAIN,MM    , 7,16,   0,   0,   0,   0,   0,   0,   0,   0,   0,   0,   0,   0,   0,   0,   0,   0,   0,   0,   0,   0,   0,   0,   0,   0
2016,14131030,131,RAIN,MM    , 7,17,   0,   0,   0,   0,   0,   0,   0,   0,   0,   0,   0,   0,   0,   0,   0,   0,   0,   0,   0,   0,   0,   0,   0,   0
2016,14131030,131,RAIN,MM    , 7,18,   0,   0,   0,   0,   0,   0,   0,   0,   0,   0,   0,   0,   0,   0,   0,   0,   0,   0,   0,   0,   0,   0,   0,   0
2016,14131030,131,RAIN,MM    , 7,19,   0,   0,   0,   0,   0,   0,   0,   0,   0,   0,   0,   0,   0,   0,   0,   0,   0,   0,   0,   0,   0,   0,   0,   0
2016,14131030,131,RAIN,MM    , 7,20,   0,   0,   0,   0,   0,   0,   0,   0,   0,   0,   0,   0,   0,   0,   0,   0,   0,   0,   0,   0,   0,   0,   0,   0
2016,14131030,131,RAIN,MM    , 7,21,   0,   0,   1,   1,   2,   1,   2,   5,   5,   4,   2,   1,   2,   1,   2,   1,   0,   0,   1,   1,   0,   0,   0,   0
2016,14131030,131,RAIN,MM    , 7,22,   0,   0,   0,   0,   0,   0,   1,   1,   2,   0,   0,   0,   0,   0,   0,   0,   0,   0,   0,   0,   0,   0,   0,   0
2016,14131030,131,RAIN,MM    , 7,23,   0,   0,   0,   0,   0,   0,   0,   0,   0,   0,   0,   0,   0,   0,   0,   0,   0,   0,   0,   0,   0,   0,   0,   0
2016,14131030,131,RAIN,MM    , 7,24,   0,   0,   0,   0,   0,   0,   0,   0,   0,   0,   0,   0,   0,   0,   0,   0,   0,   0,   0,   0,   0,   0,   0,   0
2016,14131030,131,RAIN,MM    , 7,25,   0,   0,   0,   0,   0,   0,   0,   0,   0,   0,   0,   0,   0,   0,   0,   0,   0,   0,   0,   0,   0,   0,   0,   0
2016,14131030,131,RAIN,MM    , 7,26,   0,   0,   0,   0,   0,   0,   0,   0,   0,   0,   0,   0,   0,   0,   0,   0,   0,   0,   0,   0,   0,   0,   1,   0
2016,14131030,131,RAIN,MM    , 7,27,   0,   0,   0,   0,   0,   0,   0,   0,   0,   0,   0,   0,   0,   0,   0,   0,   0,   0,   0,   0,   0,   0,   0,   0
2016,14131030,131,RAIN,MM    , 7,28,   0,   0,   0,   0,   0,   0,   0,   0,   0,   0,   0,   0,   0,   0,   0,   0,   0,   0,   0,   0,   0,   0,   0,   0
2016,14131030,131,RAIN,MM    , 7,29,   0,   0,   0,   0,   0,   0,   0,   0,   0,   0,   0,   0,   0,   0,   0,   0,   0,   0,   0,   0,   0,   0,   0,   0
2016,14131030,131,RAIN,MM    , 7,30,   0,   0,   0,   0,   0,   0,   0,   0,   0,   0,   0,   0,   0,   0,   0,   0,   0,   0,   0,   0,   0,   0,   0,   0
2016,14131030,131,RAIN,MM    , 7,31,   0,   0,   0,   0,   0,   0,   0,   0,   0,   0,   0,   0,   4,   1,   0,   0,   0,   0,   0,   0,   0,   0,   0,   0
2016,14131030,131,RAIN,MM    , 8, 1,   0,   0,   0,   1,   0,   0,   0,   0,   0,   0,   0,   0,   1,   0,   0,   0,   0,   0,   0,   0,   0,   0,   0,   0
2016,14131030,131,RAIN,MM    , 8, 2,   0,   1,   1,  20,  19,  55,   5,   0,   0,   0,   0,   3,   1,   0,   0,   0,   0,   0,   0,   0,   0,   0,   0,   0
2016,14131030,131,RAIN,MM    , 8, 3,   0,   0,   0,   0,   0,   1,   1,   2,   0,   0,   0,   0,   0,   0,   0,   0,   0,   0,   0,   0,   0,   0,   0,   0
2016,14131030,131,RAIN,MM    , 8, 4,   0,   0,   0,   0,   0,   0,   0,   0,   0,   0,   0,   0,   0,   0,   0,   0,   0,   0,   0,   0,   0,   0,   0,   0
2016,14131030,131,RAIN,MM    , 8, 5,   0,   0,   0,   0,   0,   0,   0,   0,   0,   0,   0,   0,   0,   0,   0,   0,   0,   0,   0,   0,   0,   0,   0,   0
2016,14131030,131,RAIN,MM    , 8, 6,   0,   0,   0,   0,   0,   0,   0,   0,   0,   0,   0,   0,   0,   0,   0,   0,   0,   0,   0,   0,   0,   0,   0,   0
2016,14131030,131,RAIN,MM    , 8, 7,   0,   0,   0,   0,   0,   0,   0,   0,   0,   0,   0,   0,   0,   0,   0,   0,   0,   0,   0,   0,   0,   0,   0,   0
2016,14131030,131,RAIN,MM    , 8, 8,   0,   0,   0,   0,   0,   0,   0,   0,   0,   0,   0,   0,   0,   0,   0,   0,   0,   0,   0,   0,   0,   0,   0,   0
2016,14131030,131,RAIN,MM    , 8, 9,   0,   0,   0,   0,   0,   0,   0,   0,   0,   0,   0,   0,   0,   0,   0,   0,   0,   0,   0,   0,   0,   0,   0,   0
2016,14131030,131,RAIN,MM    , 8,10,   0,   0,   0,   0,   0,   0,   0,   0,   0,   0,   0,   0,   0,   0,   0,   0,   0,   0,   0,   0,   0,   0,   0,   0
2016,14131030,131,RAIN,MM    , 8,11,   0,   0,   0,   0,   0,   0,   0,   0,   0,   0,   0,   0,   0,   0,   0,   0,   0,   0,   0,   0,   0,   0,   0,   0
2016,14131030,131,RAIN,MM    , 8,12,   0,   0,   0,   0,   0,   0,   0,   0,   0,   0,   0,   0,   0,   0,   0,   0,   0,   0,   0,   0,   0,   0,   0,   0
2016,14131030,131,RAIN,MM    , 8,13,   0,   0,   0,   0,   0,   0,   0,   0,   0,   0,   0,   0,   0,   0,   0,   0,   0,   0,   0,   0,   0,   0,   0,   0
2016,14131030,131,RAIN,MM    , 8,14,   0,   0,   0,   0,   0,   0,   0,   0,   0,   0,   0,   0,   0,   0,   0,   0,   0,   0,   0,   0,   0,   0,   0,   0
2016,14131030,131,RAIN,MM    , 8,15,   0,   0,   0,   0,   0,   0,   0,   0,   0,   0,   0,   0,   0,   0,   0,   0,   0,   0,   0,   0,   0,   0,   0,   0
2016,14131030,131,RAIN,MM    , 8,16,   0,   0,   0,   0,   0,   0,   0,   0,   0,   0,   0,   0,   0,   1,   1,   0,   1,   0,   0,   8,  10,   6,   2,   3
2016,14131030,131,RAIN,MM    , 8,17,   2,   3,   1,   0,   0,   0,   0,   0,   0,   0,   0,   0,   0,   0,9999,   0,   0,   0,   0,   0,   0,   0,   0,   0
2016,14131030,131,RAIN,MM    , 8,18,   0,   0,   0,   0,   4,   0,   0,   0,   0,   0,   0,   0,   0,   0,   0,   0,   2,   0,   0,   0,   0,   0,   0,   0
2016,14131030,131,RAIN,MM    , 8,19,   4,   0,   0,   0,   0,   0,   0,   0,   0,   0,   0,   0,   0,   0,   0,   0,   0,   0,   0,   0,   0,   0,   0,   0
2016,14131030,131,RAIN,MM    , 8,20,   0,   0,   0,   0,   2,  10,   1,   0,   0,   8,   1,   0,   0,   0,   0,   0,   0,   0,   0,   0,   0,   0,   1,   1
2016,14131030,131,RAIN,MM    , 8,21,   0,   0,   0,   0,   0,   0,   0,   0,   0,   0,   0,   0,   0,   0,   0,   0,   0,   0,   0,   0,   0,   0,   0,   0
2016,14131030,131,RAIN,MM    , 8,22,   0,   0,   1,   0,   0,   1,   3,  12,  19,  20,  18,   4,   1,   0,   2,  17,   1,   2,   0,   0,   0,   0,   0,   0
2016,14131030,131,RAIN,MM    , 8,23,   0,   0,   0,   0,   0,   0,   0,   0,   0,   0,   0,   0,   0,   0,   0,   0,   0,   0,   0,   0,   0,   0,   0,   0
2016,14131030,131,RAIN,MM    , 8,24,   0,   0,   0,   0,   0,   0,   0,   0,   0,   0,   0,   0,   0,   0,   0,   0,   0,   0,   0,   0,   0,   0,   0,   0
2016,14131030,131,RAIN,MM    , 8,25,   0,   0,   0,   0,   0,   0,   0,   0,   0,   0,   0,   0,   0,   0,   0,   0,   0,   0,   0,   0,   0,   0,   0,   0
2016,14131030,131,RAIN,MM    , 8,26,   0,   0,   0,   0,   0,   0,   0,   0,   0,   0,   0,   0,   0,   0,   0,   0,   0,   0,   0,   0,   0,   0,   0,   0
2016,14131030,131,RAIN,MM    , 8,27,   0,   0,   0,   0,   0,   0,   0,   0,   0,   0,   0,   0,   0,   0,   0,   1,   0,   0,   0,   0,   0,   1,   0,   0
2016,14131030,131,RAIN,MM    , 8,28,   0,   0,   0,   0,   0,   0,   0,   0,   0,   0,   0,   0,   0,   0,   0,   0,   0,   0,   2,   2,   0,   1,   0,   0
2016,14131030,131,RAIN,MM    , 8,29,   0,   0,   0,   0,   0,   1,   0,   0,   0,   0,   0,   0,   0,   0,   0,   0,   0,   0,   0,   0,   1,   0,   0,   0
2016,14131030,131,RAIN,MM    , 8,30,   1,   5,   0,   1,   6,   6,   1,   1,   2,   1,   0,   0,   0,   0,   0,   2,   0,   0,   0,   0,   0,   0,   0,   0
2016,14131030,131,RAIN,MM    , 8,31,   0,   0,   0,   0,   0,   0,   0,   0,   0,   0,   0,   0,   0,   0,   0,   0,   0,   0,   0,   0,   0,   0,   0,   0
2016,14131030,131,RAIN,MM    , 9, 1,   0,   0,   0,   0,   0,   0,   0,   0,   0,   0,   0,   0,   0,   0,   0,   0,   0,   0,   0,   0,   0,   0,   0,   0
2016,14131030,131,RAIN,MM    , 9, 2,   0,   0,   0,   0,   0,   0,   0,   0,   0,   0,   0,   0,   0,   0,   0,   0,   0,   0,   0,   0,   0,   0,   0,   0
2016,14131030,131,RAIN,MM    , 9, 3,   0,   0,   0,   0,   0,   0,   0,   0,   0,   0,   0,   0,   0,   0,   0,   0,   0,   0,   0,   1,   0,   0,   0,   0
2016,14131030,131,RAIN,MM    , 9, 4,   3,   0,   0,   0,   0,   0,   0,   0,   0,   0,   0,   0,   0,   0,   0,   0,   0,   0,   0,   0,   0,   0,   0,   0
2016,14131030,131,RAIN,MM    , 9, 5,   0,   0,   0,   0,   0,   0,   0,   0,   0,   0,   0,   0,   0,   0,   0,   0,   0,   0,   0,   0,   0,   0,   0,   0
2016,14131030,131,RAIN,MM    , 9, 6,   0,   0,   0,   0,   0,   0,   0,   0,   0,   0,   0,   0,   0,   0,   0,   0,   0,   0,   0,   0,   0,   0,   0,   0
2016,14131030,131,RAIN,MM    , 9, 7,   0,   0,   0,   0,   1,   1,   1,   1,   0,   0,   0,   0,   0,   0,   0,   0,   0,   0,   0,   0,   0,   0,   0,   0
2016,14131030,131,RAIN,MM    , 9, 8,   0,   0,   0,   0,   0,   0,   0,   0,   2,   0,   0,   0,   0,   0,   2,   1,   4,   2,   0,   0,   0,   0,   0,   0
2016,14131030,131,RAIN,MM    , 9, 9,   0,   0,   0,   0,   0,   0,   0,   0,   0,   0,   0,   0,   0,   0,   0,   0,   0,   0,   0,   0,   0,   0,   0,   0
2016,14131030,131,RAIN,MM    , 9,10,   0,   0,   0,   0,   0,   0,   0,   0,   0,   0,   0,   0,   0,   0,   0,   0,   0,   0,   0,   0,   0,   0,   0,   0
2016,14131030,131,RAIN,MM    , 9,11,   0,   0,   0,   0,   1,   2,   1,   2,   1,   1,   2,   2,   2,   1,   0,   0,   0,   0,   0,   0,   0,   0,   0,   0
2016,14131030,131,RAIN,MM    , 9,12,   0,   0,   0,   0,   0,   0,   0,   0,   0,   0,   0,   0,   0,   0,   0,   0,   0,   0,   0,   0,   0,   0,   0,   0
2016,14131030,131,RAIN,MM    , 9,13,   0,   0,   0,   0,   1,   1,   2,   7,  12,  15,  15,   0,   0,   1,   0,   0,   0,   0,   0,   0,   0,   0,   0,   0
2016,14131030,131,RAIN,MM    , 9,14,   0,   0,   0,   0,   0,   1,   0,   0,   0,   0,   0,   0,   0,   0,   0,   0,   0,   0,   0,   0,   0,   0,   0,   0
2016,14131030,131,RAIN,MM    , 9,15,   0,   0,   0,   0,   1,   2,   7,   2,   0,   0,   0,   0,   0,   0,   0,   0,   0,   0,   0,   0,   0,   0,   0,   0
2016,14131030,131,RAIN,MM    , 9,16,   0,   0,   0,   0,   0,   0,   0,   0,   0,   0,   0,   0,   0,   0,   1,   0,   0,   0,   0,   0,   0,   0,   0,   0
2016,14131030,131,RAIN,MM    , 9,17,   0,   0,   0,   0,   0,   0,   0,   0,   0,   0,   0,   0,   0,   0,   0,   0,   0,   0,   0,   0,   0,   0,   0,   0
2016,14131030,131,RAIN,MM    , 9,18,   0,   0,   0,   0,   0,   0,   0,   0,   0,   0,   0,   0,   0,   0,   0,   0,   0,   0,   0,   0,   0,   0,   0,   0
2016,14131030,131,RAIN,MM    , 9,19,   1,   0,   0,   0,   0,   0,   0,   0,   0,   0,   0,   0,   0,   1,   0,   1,   1,   1,   2,   1,   1,   1,   9,   1
2016,14131030,131,RAIN,MM    , 9,20,   1,   4,   1,   5,   7,   5,   5,   5,   6,   3,   1,   3,   2,   1,   7,   6,  10,   5,  21,   5,   2,   3,   2,   1
2016,14131030,131,RAIN,MM    , 9,21,   0,   0,   0,   0,   0,   0,   0,   0,   0,   0,   0,   0,   0,   0,   0,   0,   0,   0,   0,   0,   0,   0,   0,   0
2016,14131030,131,RAIN,MM    , 9,22,   0,   0,   0,   1,   2,   3,   4,  10,   6,   4,   1,  14,   8,   1,   0,   0,   0,   0,   0,   0,   0,   1,   0,   0
2016,14131030,131,RAIN,MM    , 9,23,   0,   0,   0,   4,   4,   2,   2,   1,   0,   0,   0,   0,   1,   2,   1,   0,   1,   2,   0,   0,   0,   0,   0,   0
2016,14131030,131,RAIN,MM    , 9,24,   0,   0,   0,   0,   0,   0,   0,   0,   0,   0,   0,   0,   0,   3,   2,   1,   0,   0,   0,   0,   0,   0,   0,   0
2016,14131030,131,RAIN,MM    , 9,25,   0,   0,   0,   0,   0,   0,   0,   0,   0,   0,   0,   0,   0,   0,   0,   0,   0,   0,   0,   0,   0,   0,   0,   0
2016,14131030,131,RAIN,MM    , 9,26,   0,   0,   0,   0,   0,   0,   0,   0,   0,   0,   0,   0,   0,   0,   0,   0,   0,   0,   0,   0,   0,   0,   0,   0
2016,14131030,131,RAIN,MM    , 9,27,   0,   0,   0,   0,   0,   0,   0,   0,   0,   0,   0,   0,   0,   0,   0,   0,   0,   0,   0,   0,   0,   0,   0,   0
2016,14131030,131,RAIN,MM    , 9,28,9999,9999,9999,9999,9999,9999,9999,9999,9999,9999,9999,9999,9999,9999,9999,9999,9999,9999,9999,9999,9999,9999,9999,9999
2016,14131030,131,RAIN,MM    , 9,29,9999,9999,9999,9999,9999,9999,9999,9999,9999,9999,9999,9999,9999,9999,9999,9999,9999,9999,9999,9999,9999,9999,9999,9999
2016,14131030,131,RAIN,MM    , 9,30,9999,9999,9999,9999,9999,9999,9999,9999,9999,9999,9999,9999,9999,9999,9999,9999,9999,9999,9999,9999,9999,9999,9999,9999
2016,14131030,131,RAIN,MM    , 9,31,9998,9998,9998,9998,9998,9998,9998,9998,9998,9998,9998,9998,9998,9998,9998,9998,9998,9998,9998,9998,9998,9998,9998,9998
2016,14131030,131,RAIN,MM    ,10, 1,9999,9999,9999,9999,9999,9999,9999,9999,9999,9999,9999,9999,9999,9999,9999,9999,9999,9999,9999,9999,9999,9999,9999,9999
2016,14131030,131,RAIN,MM    ,10, 2,9999,9999,9999,9999,9999,9999,9999,9999,9999,9999,9999,9999,9999,9999,9999,9999,9999,9999,9999,9999,9999,9999,9999,9999
2016,14131030,131,RAIN,MM    ,10, 3,9999,9999,9999,9999,9999,9999,9999,9999,9999,9999,9999,9999,9999,9999,9999,9999,9999,9999,9999,9999,9999,9999,9999,9999
2016,14131030,131,RAIN,MM    ,10, 4,9999,9999,9999,9999,9999,9999,9999,9999,9999,9999,9999,9999,9999,9999,9999,9999,9999,9999,9999,9999,9999,9999,9999,9999
2016,14131030,131,RAIN,MM    ,10, 5,9999,9999,9999,9999,9999,9999,9999,9999,9999,9999,9999,9999,9999,9999,9999,9999,9999,9999,9999,9999,9999,9999,9999,9999
2016,14131030,131,RAIN,MM    ,10, 6,9999,9999,9999,9999,9999,9999,9999,9999,9999,9999,9999,9999,9999,9999,9999,9999,9999,9999,9999,9999,9999,9999,9999,9999
2016,14131030,131,RAIN,MM    ,10, 7,9999,9999,9999,9999,9999,9999,9999,9999,9999,9999,9999,9999,9999,9999,9999,9999,9999,9999,9999,9999,9999,9999,9999,9999
2016,14131030,131,RAIN,MM    ,10, 8,9999,9999,9999,9999,9999,9999,9999,9999,9999,9999,9999,9999,9999,9999,9999,9999,9999,9999,9999,9999,9999,9999,9999,9999
2016,14131030,131,RAIN,MM    ,10, 9,9999,9999,9999,9999,9999,9999,9999,9999,9999,9999,9999,9999,9999,9999,9999,9999,9999,9999,9999,9999,9999,9999,9999,9999
2016,14131030,131,RAIN,MM    ,10,10,9999,9999,9999,9999,9999,9999,9999,9999,9999,9999,9999,9999,9999,9999,9999,9999,9999,9999,9999,9999,9999,9999,9999,9999
2016,14131030,131,RAIN,MM    ,10,11,9999,9999,9999,9999,9999,9999,9999,9999,9999,9999,9999,9999,9999,9999,9999,9999,9999,9999,9999,9999,9999,9999,9999,9999
2016,14131030,131,RAIN,MM    ,10,12,9999,9999,9999,9999,9999,9999,9999,9999,9999,9999,9999,9999,9999,9999,9999,9999,9999,9999,9999,9999,9999,9999,9999,9999
2016,14131030,131,RAIN,MM    ,10,13,9999,9999,9999,9999,9999,9999,9999,9999,9999,9999,9999,9999,9999,9999,9999,9999,9999,9999,9999,9999,9999,9999,9999,9999
2016,14131030,131,RAIN,MM    ,10,14,9999,9999,9999,9999,9999,9999,9999,9999,9999,9999,9999,9999,9999,9999,9999,9999,9999,9999,9999,9999,9999,9999,9999,9999
2016,14131030,131,RAIN,MM    ,10,15,9999,9999,9999,9999,9999,9999,9999,9999,9999,9999,9999,9999,9999,9999,9999,9999,9999,9999,9999,9999,9999,9999,9999,9999
2016,14131030,131,RAIN,MM    ,10,16,9999,9999,9999,9999,9999,9999,9999,9999,9999,9999,9999,9999,9999,9999,9999,9999,9999,9999,9999,9999,9999,9999,9999,9999
2016,14131030,131,RAIN,MM    ,10,17,9999,9999,9999,9999,9999,9999,9999,9999,9999,9999,9999,9999,9999,9999,9999,9999,9999,9999,9999,9999,9999,9999,9999,9999
2016,14131030,131,RAIN,MM    ,10,18,9999,9999,9999,9999,9999,9999,9999,9999,9999,9999,9999,9999,9999,9999,9999,9999,9999,9999,9999,9999,9999,9999,9999,9999
2016,14131030,131,RAIN,MM    ,10,19,9999,9999,9999,9999,9999,9999,9999,9999,9999,9999,9999,9999,9999,9999,9999,9999,9999,9999,9999,9999,9999,9999,9999,9999
2016,14131030,131,RAIN,MM    ,10,20,9999,9999,9999,9999,9999,9999,9999,9999,9999,9999,9999,9999,9999,9999,9999,9999,9999,9999,9999,9999,9999,9999,9999,9999
2016,14131030,131,RAIN,MM    ,10,21,9999,9999,9999,9999,9999,9999,9999,9999,9999,9999,9999,9999,9999,9999,9999,9999,9999,9999,9999,9999,9999,9999,9999,9999
2016,14131030,131,RAIN,MM    ,10,22,9999,9999,9999,9999,9999,9999,9999,9999,9999,9999,9999,9999,9999,9999,9999,9999,9999,9999,9999,9999,9999,9999,9999,9999
2016,14131030,131,RAIN,MM    ,10,23,9999,9999,9999,9999,9999,9999,9999,9999,9999,9999,9999,9999,9999,9999,9999,9999,9999,9999,9999,9999,9999,9999,9999,9999
2016,14131030,131,RAIN,MM    ,10,24,9999,9999,9999,9999,9999,9999,9999,9999,9999,9999,9999,9999,9999,9999,9999,9999,9999,9999,9999,9999,9999,9999,9999,9999
2016,14131030,131,RAIN,MM    ,10,25,9999,9999,9999,9999,9999,9999,9999,9999,9999,9999,9999,9999,9999,9999,9999,9999,9999,9999,9999,9999,9999,9999,9999,9999
2016,14131030,131,RAIN,MM    ,10,26,9999,9999,9999,9999,9999,9999,9999,9999,9999,9999,9999,9999,9999,9999,9999,9999,9999,9999,9999,9999,9999,9999,9999,9999
2016,14131030,131,RAIN,MM    ,10,27,9999,9999,9999,9999,9999,9999,9999,9999,9999,9999,9999,9999,9999,9999,9999,9999,9999,9999,9999,9999,9999,9999,9999,9999
2016,14131030,131,RAIN,MM    ,10,28,9999,9999,9999,9999,9999,9999,9999,9999,9999,9999,9999,9999,9999,9999,9999,9999,9999,9999,9999,9999,9999,9999,9999,9999
2016,14131030,131,RAIN,MM    ,10,29,9999,9999,9999,9999,9999,9999,9999,9999,9999,9999,9999,9999,9999,9999,9999,9999,9999,9999,9999,9999,9999,9999,9999,9999
2016,14131030,131,RAIN,MM    ,10,30,9999,9999,9999,9999,9999,9999,9999,9999,9999,9999,9999,9999,9999,9999,9999,9999,9999,9999,9999,9999,9999,9999,9999,9999
2016,14131030,131,RAIN,MM    ,10,31,9999,9999,9999,9999,9999,9999,9999,9999,9999,9999,9999,9999,9999,9999,9999,9999,9999,9999,9999,9999,9999,9999,9999,9999
2016,14131030,131,RAIN,MM    ,11, 1,9999,9999,9999,9999,9999,9999,9999,9999,9999,9999,9999,9999,9999,9999,9999,9999,9999,9999,9999,9999,9999,9999,9999,9999
2016,14131030,131,RAIN,MM    ,11, 2,9999,9999,9999,9999,9999,9999,9999,9999,9999,9999,9999,9999,9999,9999,9999,9999,9999,9999,9999,9999,9999,9999,9999,9999
2016,14131030,131,RAIN,MM    ,11, 3,9999,9999,9999,9999,9999,9999,9999,9999,9999,9999,9999,9999,9999,9999,9999,9999,9999,9999,9999,9999,9999,9999,9999,9999
2016,14131030,131,RAIN,MM    ,11, 4,9999,9999,9999,9999,9999,9999,9999,9999,9999,9999,9999,9999,9999,9999,9999,9999,9999,9999,9999,9999,9999,9999,9999,9999
2016,14131030,131,RAIN,MM    ,11, 5,9999,9999,9999,9999,9999,9999,9999,9999,9999,9999,9999,9999,9999,9999,9999,9999,9999,9999,9999,9999,9999,9999,9999,9999
2016,14131030,131,RAIN,MM    ,11, 6,9999,9999,9999,9999,9999,9999,9999,9999,9999,9999,9999,9999,9999,9999,9999,9999,9999,9999,9999,9999,9999,9999,9999,9999
2016,14131030,131,RAIN,MM    ,11, 7,9999,9999,9999,9999,9999,9999,9999,9999,9999,9999,9999,9999,9999,9999,9999,9999,9999,9999,9999,9999,9999,9999,9999,9999
2016,14131030,131,RAIN,MM    ,11, 8,9999,9999,9999,9999,9999,9999,9999,9999,9999,9999,9999,9999,9999,9999,9999,9999,9999,9999,9999,9999,9999,9999,9999,9999
2016,14131030,131,RAIN,MM    ,11, 9,9999,9999,9999,9999,9999,9999,9999,9999,9999,9999,9999,9999,9999,9999,9999,9999,9999,9999,9999,9999,9999,9999,9999,9999
2016,14131030,131,RAIN,MM    ,11,10,9999,9999,9999,9999,9999,9999,9999,9999,9999,9999,9999,9999,9999,9999,9999,9999,9999,9999,9999,9999,9999,9999,9999,9999
2016,14131030,131,RAIN,MM    ,11,11,9999,9999,9999,9999,9999,9999,9999,9999,9999,9999,9999,9999,9999,9999,9999,9999,9999,9999,9999,9999,9999,9999,9999,9999
2016,14131030,131,RAIN,MM    ,11,12,9999,9999,9999,9999,9999,9999,9999,9999,9999,9999,9999,9999,9999,9999,9999,9999,9999,9999,9999,9999,9999,9999,9999,9999
2016,14131030,131,RAIN,MM    ,11,13,9999,9999,9999,9999,9999,9999,9999,9999,9999,9999,9999,9999,9999,9999,9999,9999,9999,9999,9999,9999,9999,9999,9999,9999
2016,14131030,131,RAIN,MM    ,11,14,9999,9999,9999,9999,9999,9999,9999,9999,9999,9999,9999,9999,9999,9999,9999,9999,9999,9999,9999,9999,9999,9999,9999,9999
2016,14131030,131,RAIN,MM    ,11,15,9999,9999,9999,9999,9999,9999,9999,9999,9999,9999,9999,9999,9999,9999,9999,9999,9999,9999,9999,9999,9999,9999,9999,9999
2016,14131030,131,RAIN,MM    ,11,16,9999,9999,9999,9999,9999,9999,9999,9999,9999,9999,9999,9999,9999,9999,9999,9999,9999,9999,9999,9999,9999,9999,9999,9999
2016,14131030,131,RAIN,MM    ,11,17,9999,9999,9999,9999,9999,9999,9999,9999,9999,9999,9999,9999,9999,9999,9999,9999,9999,9999,9999,9999,9999,9999,9999,9999
2016,14131030,131,RAIN,MM    ,11,18,9999,9999,9999,9999,9999,9999,9999,9999,9999,9999,9999,9999,9999,9999,9999,9999,9999,9999,9999,9999,9999,9999,9999,9999
2016,14131030,131,RAIN,MM    ,11,19,9999,9999,9999,9999,9999,9999,9999,9999,9999,9999,9999,9999,9999,9999,9999,9999,9999,9999,9999,9999,9999,9999,9999,9999
2016,14131030,131,RAIN,MM    ,11,20,9999,9999,9999,9999,9999,9999,9999,9999,9999,9999,9999,9999,9999,9999,9999,9999,9999,9999,9999,9999,9999,9999,9999,9999
2016,14131030,131,RAIN,MM    ,11,21,9999,9999,9999,9999,9999,9999,9999,9999,9999,9999,9999,9999,9999,9999,9999,9999,9999,9999,9999,9999,9999,9999,9999,9999
2016,14131030,131,RAIN,MM    ,11,22,9999,9999,9999,9999,9999,9999,9999,9999,9999,9999,9999,9999,9999,9999,9999,9999,9999,9999,9999,9999,9999,9999,9999,9999
2016,14131030,131,RAIN,MM    ,11,23,9999,9999,9999,9999,9999,9999,9999,9999,9999,9999,9999,9999,9999,9999,9999,9999,9999,9999,9999,9999,9999,9999,9999,9999
2016,14131030,131,RAIN,MM    ,11,24,9999,9999,9999,9999,9999,9999,9999,9999,9999,9999,9999,9999,9999,9999,9999,9999,9999,9999,9999,9999,9999,9999,9999,9999
2016,14131030,131,RAIN,MM    ,11,25,9999,9999,9999,9999,9999,9999,9999,9999,9999,9999,9999,9999,9999,9999,9999,9999,9999,9999,9999,9999,9999,9999,9999,9999
2016,14131030,131,RAIN,MM    ,11,26,9999,9999,9999,9999,9999,9999,9999,9999,9999,9999,9999,9999,9999,9999,9999,9999,9999,9999,9999,9999,9999,9999,9999,9999
2016,14131030,131,RAIN,MM    ,11,27,9999,9999,9999,9999,9999,9999,9999,9999,9999,9999,9999,9999,9999,9999,9999,9999,9999,9999,9999,9999,9999,9999,9999,9999
2016,14131030,131,RAIN,MM    ,11,28,9999,9999,9999,9999,9999,9999,9999,9999,9999,9999,9999,9999,9999,9999,9999,9999,9999,9999,9999,9999,9999,9999,9999,9999
2016,14131030,131,RAIN,MM    ,11,29,9999,9999,9999,9999,9999,9999,9999,9999,9999,9999,9999,9999,9999,9999,9999,9999,9999,9999,9999,9999,9999,9999,9999,9999
2016,14131030,131,RAIN,MM    ,11,30,9999,9999,9999,9999,9999,9999,9999,9999,9999,9999,9999,9999,9999,9999,9999,9999,9999,9999,9999,9999,9999,9999,9999,9999
2016,14131030,131,RAIN,MM    ,11,31,9998,9998,9998,9998,9998,9998,9998,9998,9998,9998,9998,9998,9998,9998,9998,9998,9998,9998,9998,9998,9998,9998,9998,9998
2016,14131030,131,RAIN,MM    ,12, 1,9999,9999,9999,9999,9999,9999,9999,9999,9999,9999,9999,9999,9999,9999,9999,9999,9999,9999,9999,9999,9999,9999,9999,9999
2016,14131030,131,RAIN,MM    ,12, 2,9999,9999,9999,9999,9999,9999,9999,9999,9999,9999,9999,9999,9999,9999,9999,9999,9999,9999,9999,9999,9999,9999,9999,9999
2016,14131030,131,RAIN,MM    ,12, 3,9999,9999,9999,9999,9999,9999,9999,9999,9999,9999,9999,9999,9999,9999,9999,9999,9999,9999,9999,9999,9999,9999,9999,9999
2016,14131030,131,RAIN,MM    ,12, 4,9999,9999,9999,9999,9999,9999,9999,9999,9999,9999,9999,9999,9999,9999,9999,9999,9999,9999,9999,9999,9999,9999,9999,9999
2016,14131030,131,RAIN,MM    ,12, 5,9999,9999,9999,9999,9999,9999,9999,9999,9999,9999,9999,9999,9999,9999,9999,9999,9999,9999,9999,9999,9999,9999,9999,9999
2016,14131030,131,RAIN,MM    ,12, 6,9999,9999,9999,9999,9999,9999,9999,9999,9999,9999,9999,9999,9999,9999,9999,9999,9999,9999,9999,9999,9999,9999,9999,9999
2016,14131030,131,RAIN,MM    ,12, 7,9999,9999,9999,9999,9999,9999,9999,9999,9999,9999,9999,9999,9999,9999,9999,9999,9999,9999,9999,9999,9999,9999,9999,9999
2016,14131030,131,RAIN,MM    ,12, 8,9999,9999,9999,9999,9999,9999,9999,9999,9999,9999,9999,9999,9999,9999,9999,9999,9999,9999,9999,9999,9999,9999,9999,9999
2016,14131030,131,RAIN,MM    ,12, 9,9999,9999,9999,9999,9999,9999,9999,9999,9999,9999,9999,9999,9999,9999,9999,9999,9999,9999,9999,9999,9999,9999,9999,9999
2016,14131030,131,RAIN,MM    ,12,10,9999,9999,9999,9999,9999,9999,9999,9999,9999,9999,9999,9999,9999,9999,9999,9999,9999,9999,9999,9999,9999,9999,9999,9999
2016,14131030,131,RAIN,MM    ,12,11,9999,9999,9999,9999,9999,9999,9999,9999,9999,9999,9999,9999,9999,9999,9999,9999,9999,9999,9999,9999,9999,9999,9999,9999
2016,14131030,131,RAIN,MM    ,12,12,9999,9999,9999,9999,9999,9999,9999,9999,9999,9999,9999,9999,9999,9999,9999,9999,9999,9999,9999,9999,9999,9999,9999,9999
2016,14131030,131,RAIN,MM    ,12,13,9999,9999,9999,9999,9999,9999,9999,9999,9999,9999,9999,9999,9999,9999,9999,9999,9999,9999,9999,9999,9999,9999,9999,9999
2016,14131030,131,RAIN,MM    ,12,14,9999,9999,9999,9999,9999,9999,9999,9999,9999,9999,9999,9999,9999,9999,9999,9999,9999,9999,9999,9999,9999,9999,9999,9999
2016,14131030,131,RAIN,MM    ,12,15,9999,9999,9999,9999,9999,9999,9999,9999,9999,9999,9999,9999,9999,9999,9999,9999,9999,9999,9999,9999,9999,9999,9999,9999
2016,14131030,131,RAIN,MM    ,12,16,9999,9999,9999,9999,9999,9999,9999,9999,9999,9999,9999,9999,9999,9999,9999,9999,9999,9999,9999,9999,9999,9999,9999,9999
2016,14131030,131,RAIN,MM    ,12,17,9999,9999,9999,9999,9999,9999,9999,9999,9999,9999,9999,9999,9999,9999,9999,9999,9999,9999,9999,9999,9999,9999,9999,9999
2016,14131030,131,RAIN,MM    ,12,18,9999,9999,9999,9999,9999,9999,9999,9999,9999,9999,9999,9999,9999,9999,9999,9999,9999,9999,9999,9999,9999,9999,9999,9999
2016,14131030,131,RAIN,MM    ,12,19,9999,9999,9999,9999,9999,9999,9999,9999,9999,9999,9999,9999,9999,9999,9999,9999,9999,9999,9999,9999,9999,9999,9999,9999
2016,14131030,131,RAIN,MM    ,12,20,9999,9999,9999,9999,9999,9999,9999,9999,9999,9999,9999,9999,9999,9999,9999,9999,9999,9999,9999,9999,9999,9999,9999,9999
2016,14131030,131,RAIN,MM    ,12,21,9999,9999,9999,9999,9999,9999,9999,9999,9999,9999,9999,9999,9999,9999,9999,9999,9999,9999,9999,9999,9999,9999,9999,9999
2016,14131030,131,RAIN,MM    ,12,22,9999,9999,9999,9999,9999,9999,9999,9999,9999,9999,9999,9999,9999,9999,9999,9999,9999,9999,9999,9999,9999,9999,9999,9999
2016,14131030,131,RAIN,MM    ,12,23,9999,9999,9999,9999,9999,9999,9999,9999,9999,9999,9999,9999,9999,9999,9999,9999,9999,9999,9999,9999,9999,9999,9999,9999
2016,14131030,131,RAIN,MM    ,12,24,9999,9999,9999,9999,9999,9999,9999,9999,9999,9999,9999,9999,9999,9999,9999,9999,9999,9999,9999,9999,9999,9999,9999,9999
2016,14131030,131,RAIN,MM    ,12,25,9999,9999,9999,9999,9999,9999,9999,9999,9999,9999,9999,9999,9999,9999,9999,9999,9999,9999,9999,9999,9999,9999,9999,9999
2016,14131030,131,RAIN,MM    ,12,26,9999,9999,9999,9999,9999,9999,9999,9999,9999,9999,9999,9999,9999,9999,9999,9999,9999,9999,9999,9999,9999,9999,9999,9999
2016,14131030,131,RAIN,MM    ,12,27,9999,9999,9999,9999,9999,9999,9999,9999,9999,9999,9999,9999,9999,9999,9999,9999,9999,9999,9999,9999,9999,9999,9999,9999
2016,14131030,131,RAIN,MM    ,12,28,9999,9999,9999,9999,9999,9999,9999,9999,9999,9999,9999,9999,9999,9999,9999,9999,9999,9999,9999,9999,9999,9999,9999,9999
2016,14131030,131,RAIN,MM    ,12,29,9999,9999,9999,9999,9999,9999,9999,9999,9999,9999,9999,9999,9999,9999,9999,9999,9999,9999,9999,9999,9999,9999,9999,9999
2016,14131030,131,RAIN,MM    ,12,30,9999,9999,9999,9999,9999,9999,9999,9999,9999,9999,9999,9999,9999,9999,9999,9999,9999,9999,9999,9999,9999,9999,9999,9999
2016,14131030,131,RAIN,MM    ,12,31,9999,9999,9999,9999,9999,9999,9999,9999,9999,9999,9999,9999,9999,9999,9999,9999,9999,9999,9999,9999,9999,9999,9999,9999
2016,14131030,131,RAIN,MM    , 1, 1,9999,9999,9999,9999,9999,9999,9999,9999,9999,9999,9999,9999,9999,9999,9999,9999,9999,9999,9999,9999,9999,9999,9999,9999
2016,14131030,131,RAIN,MM    , 1, 2,9999,9999,9999,9999,9999,9999,9999,9999,9999,9999,9999,9999,9999,9999,9999,9999,9999,9999,9999,9999,9999,9999,9999,9999
2016,14131030,131,RAIN,MM    , 1, 3,9999,9999,9999,9999,9999,9999,9999,9999,9999,9999,9999,9999,9999,9999,9999,9999,9999,9999,9999,9999,9999,9999,9999,9999
2016,14131030,131,RAIN,MM    , 1, 4,9999,9999,9999,9999,9999,9999,9999,9999,9999,9999,9999,9999,9999,9999,9999,9999,9999,9999,9999,9999,9999,9999,9999,9999
2016,14131030,131,RAIN,MM    , 1, 5,9999,9999,9999,9999,9999,9999,9999,9999,9999,9999,9999,9999,9999,9999,9999,9999,9999,9999,9999,9999,9999,9999,9999,9999
2016,14131030,131,RAIN,MM    , 1, 6,9999,9999,9999,9999,9999,9999,9999,9999,9999,9999,9999,9999,9999,9999,9999,9999,9999,9999,9999,9999,9999,9999,9999,9999
2016,14131030,131,RAIN,MM    , 1, 7,9999,9999,9999,9999,9999,9999,9999,9999,9999,9999,9999,9999,9999,9999,9999,9999,9999,9999,9999,9999,9999,9999,9999,9999
2016,14131030,131,RAIN,MM    , 1, 8,9999,9999,9999,9999,9999,9999,9999,9999,9999,9999,9999,9999,9999,9999,9999,9999,9999,9999,9999,9999,9999,9999,9999,9999
2016,14131030,131,RAIN,MM    , 1, 9,9999,9999,9999,9999,9999,9999,9999,9999,9999,9999,9999,9999,9999,9999,9999,9999,9999,9999,9999,9999,9999,9999,9999,9999
2016,14131030,131,RAIN,MM    , 1,10,9999,9999,9999,9999,9999,9999,9999,9999,9999,9999,9999,9999,9999,9999,9999,9999,9999,9999,9999,9999,9999,9999,9999,9999
2016,14131030,131,RAIN,MM    , 1,11,9999,9999,9999,9999,9999,9999,9999,9999,9999,9999,9999,9999,9999,9999,9999,9999,9999,9999,9999,9999,9999,9999,9999,9999
2016,14131030,131,RAIN,MM    , 1,12,9999,9999,9999,9999,9999,9999,9999,9999,9999,9999,9999,9999,9999,9999,9999,9999,9999,9999,9999,9999,9999,9999,9999,9999
2016,14131030,131,RAIN,MM    , 1,13,9999,9999,9999,9999,9999,9999,9999,9999,9999,9999,9999,9999,9999,9999,9999,9999,9999,9999,9999,9999,9999,9999,9999,9999
2016,14131030,131,RAIN,MM    , 1,14,9999,9999,9999,9999,9999,9999,9999,9999,9999,9999,9999,9999,9999,9999,9999,9999,9999,9999,9999,9999,9999,9999,9999,9999
2016,14131030,131,RAIN,MM    , 1,15,9999,9999,9999,9999,9999,9999,9999,9999,9999,9999,9999,9999,9999,9999,9999,9999,9999,9999,9999,9999,9999,9999,9999,9999
2016,14131030,131,RAIN,MM    , 1,16,9999,9999,9999,9999,9999,9999,9999,9999,9999,9999,9999,9999,9999,9999,9999,9999,9999,9999,9999,9999,9999,9999,9999,9999
2016,14131030,131,RAIN,MM    , 1,17,9999,9999,9999,9999,9999,9999,9999,9999,9999,9999,9999,9999,9999,9999,9999,9999,9999,9999,9999,9999,9999,9999,9999,9999
2016,14131030,131,RAIN,MM    , 1,18,9999,9999,9999,9999,9999,9999,9999,9999,9999,9999,9999,9999,9999,9999,9999,9999,9999,9999,9999,9999,9999,9999,9999,9999
2016,14131030,131,RAIN,MM    , 1,19,9999,9999,9999,9999,9999,9999,9999,9999,9999,9999,9999,9999,9999,9999,9999,9999,9999,9999,9999,9999,9999,9999,9999,9999
2016,14131030,131,RAIN,MM    , 1,20,9999,9999,9999,9999,9999,9999,9999,9999,9999,9999,9999,9999,9999,9999,9999,9999,9999,9999,9999,9999,9999,9999,9999,9999
2016,14131030,131,RAIN,MM    , 1,21,9999,9999,9999,9999,9999,9999,9999,9999,9999,9999,9999,9999,9999,9999,9999,9999,9999,9999,9999,9999,9999,9999,9999,9999
2016,14131030,131,RAIN,MM    , 1,22,9999,9999,9999,9999,9999,9999,9999,9999,9999,9999,9999,9999,9999,9999,9999,9999,9999,9999,9999,9999,9999,9999,9999,9999
2016,14131030,131,RAIN,MM    , 1,23,9999,9999,9999,9999,9999,9999,9999,9999,9999,9999,9999,9999,9999,9999,9999,9999,9999,9999,9999,9999,9999,9999,9999,9999
2016,14131030,131,RAIN,MM    , 1,24,9999,9999,9999,9999,9999,9999,9999,9999,9999,9999,9999,9999,9999,9999,9999,9999,9999,9999,9999,9999,9999,9999,9999,9999
2016,14131030,131,RAIN,MM    , 1,25,9999,9999,9999,9999,9999,9999,9999,9999,9999,9999,9999,9999,9999,9999,9999,9999,9999,9999,9999,9999,9999,9999,9999,9999
2016,14131030,131,RAIN,MM    , 1,26,9999,9999,9999,9999,9999,9999,9999,9999,9999,9999,9999,9999,9999,9999,9999,9999,9999,9999,9999,9999,9999,9999,9999,9999
2016,14131030,131,RAIN,MM    , 1,27,9999,9999,9999,9999,9999,9999,9999,9999,9999,9999,9999,9999,9999,9999,9999,9999,9999,9999,9999,9999,9999,9999,9999,9999
2016,14131030,131,RAIN,MM    , 1,28,9999,9999,9999,9999,9999,9999,9999,9999,9999,9999,9999,9999,9999,9999,9999,9999,9999,9999,9999,9999,9999,9999,9999,9999
2016,14131030,131,RAIN,MM    , 1,29,9999,9999,9999,9999,9999,9999,9999,9999,9999,9999,9999,9999,9999,9999,9999,9999,9999,9999,9999,9999,9999,9999,9999,9999
2016,14131030,131,RAIN,MM    , 1,30,9999,9999,9999,9999,9999,9999,9999,9999,9999,9999,9999,9999,9999,9999,9999,9999,9999,9999,9999,9999,9999,9999,9999,9999
2016,14131030,131,RAIN,MM    , 1,31,9999,9999,9999,9999,9999,9999,9999,9999,9999,9999,9999,9999,9999,9999,9999,9999,9999,9999,9999,9999,9999,9999,9999,9999
2016,14131030,131,RAIN,MM    , 2, 1,9999,9999,9999,9999,9999,9999,9999,9999,9999,9999,9999,9999,9999,9999,9999,9999,9999,9999,9999,9999,9999,9999,9999,9999
2016,14131030,131,RAIN,MM    , 2, 2,9999,9999,9999,9999,9999,9999,9999,9999,9999,9999,9999,9999,9999,9999,9999,9999,9999,9999,9999,9999,9999,9999,9999,9999
2016,14131030,131,RAIN,MM    , 2, 3,9999,9999,9999,9999,9999,9999,9999,9999,9999,9999,9999,9999,9999,9999,9999,9999,9999,9999,9999,9999,9999,9999,9999,9999
2016,14131030,131,RAIN,MM    , 2, 4,9999,9999,9999,9999,9999,9999,9999,9999,9999,9999,9999,9999,9999,9999,9999,9999,9999,9999,9999,9999,9999,9999,9999,9999
2016,14131030,131,RAIN,MM    , 2, 5,9999,9999,9999,9999,9999,9999,9999,9999,9999,9999,9999,9999,9999,9999,9999,9999,9999,9999,9999,9999,9999,9999,9999,9999
2016,14131030,131,RAIN,MM    , 2, 6,9999,9999,9999,9999,9999,9999,9999,9999,9999,9999,9999,9999,9999,9999,9999,9999,9999,9999,9999,9999,9999,9999,9999,9999
2016,14131030,131,RAIN,MM    , 2, 7,9999,9999,9999,9999,9999,9999,9999,9999,9999,9999,9999,9999,9999,9999,9999,9999,9999,9999,9999,9999,9999,9999,9999,9999
2016,14131030,131,RAIN,MM    , 2, 8,9999,9999,9999,9999,9999,9999,9999,9999,9999,9999,9999,9999,9999,9999,9999,9999,9999,9999,9999,9999,9999,9999,9999,9999
2016,14131030,131,RAIN,MM    , 2, 9,9999,9999,9999,9999,9999,9999,9999,9999,9999,9999,9999,9999,9999,9999,9999,9999,9999,9999,9999,9999,9999,9999,9999,9999
2016,14131030,131,RAIN,MM    , 2,10,9999,9999,9999,9999,9999,9999,9999,9999,9999,9999,9999,9999,9999,9999,9999,9999,9999,9999,9999,9999,9999,9999,9999,9999
2016,14131030,131,RAIN,MM    , 2,11,9999,9999,9999,9999,9999,9999,9999,9999,9999,9999,9999,9999,9999,9999,9999,9999,9999,9999,9999,9999,9999,9999,9999,9999
2016,14131030,131,RAIN,MM    , 2,12,9999,9999,9999,9999,9999,9999,9999,9999,9999,9999,9999,9999,9999,9999,9999,9999,9999,9999,9999,9999,9999,9999,9999,9999
2016,14131030,131,RAIN,MM    , 2,13,9999,9999,9999,9999,9999,9999,9999,9999,9999,9999,9999,9999,9999,9999,9999,9999,9999,9999,9999,9999,9999,9999,9999,9999
2016,14131030,131,RAIN,MM    , 2,14,   0,   0,   0,   0,   0,   0,   0,   0,   0,   0,   0,   0,   0,   0,   0,   0,   0,   0,   0,   0,   0,   0,   0,   0
2016,14131030,131,RAIN,MM    , 2,15,   0,   0,   0,   0,   0,   0,   0,   0,   0,   0,   0,   0,   0,   0,   0,   0,   0,   0,   0,   0,   0,   0,   0,   0
2016,14131030,131,RAIN,MM    , 2,16,   0,   0,   0,   0,   0,   0,   0,   0,   0,   0,   0,   0,   0,   0,   0,   0,   0,   0,   0,   0,   0,   0,   0,   0
2016,14131030,131,RAIN,MM    , 2,17,   0,   0,   0,   0,   0,   0,   0,   0,   0,   0,   0,   0,   0,   0,   0,   0,   0,   0,   0,   0,   0,   0,   0,   0
2016,14131030,131,RAIN,MM    , 2,18,   0,   0,   0,   0,   0,   0,   0,   0,   0,   0,   0,   0,   0,   0,   0,   0,   0,   0,   0,   0,   0,   0,   0,   0
2016,14131030,131,RAIN,MM    , 2,19,   0,   0,   0,   0,   0,   0,   0,   0,   0,   0,   0,   0,   0,   0,   0,   0,   0,   0,   0,   0,   0,   0,   0,   0
2016,14131030,131,RAIN,MM    , 2,20,   0,   0,   0,   0,   0,   0,   0,   0,   0,   0,   0,   0,   0,   0,   0,   0,   0,   0,  10,   1,   0,   0,   0,   0
2016,14131030,131,RAIN,MM    , 2,21,   0,   0,   0,   0,   0,   0,   0,   0,   0,   0,   0,   0,   0,   0,   0,   0,   0,   0,   0,   0,   0,   0,   0,   0
2016,14131030,131,RAIN,MM    , 2,22,   0,   0,   0,   0,   0,   0,   0,   0,   0,   0,   0,   0,   0,   0,   0,   0,   0,   0,   0,   0,   0,   0,   0,   0
2016,14131030,131,RAIN,MM    , 2,23,   0,   0,   0,   0,   0,   0,   0,   0,   0,   0,   1,   0,   0,   0,   0,   0,   0,   0,   0,   0,   0,   0,   0,   0
2016,14131030,131,RAIN,MM    , 2,24,   0,   0,   0,   0,   0,   0,   0,   0,   0,   0,   0,   0,   0,   0,   0,   0,   0,   0,   0,   0,   0,   0,   0,   0
2016,14131030,131,RAIN,MM    , 2,25,   0,   0,   0,   0,   0,   0,   0,   0,   0,   0,   0,   0,   0,   0,   0,   0,   0,   0,   0,   0,   0,   0,   0,   0
2016,14131030,131,RAIN,MM    , 2,26,   0,   0,   0,   0,   0,   0,   0,   0,   0,   0,   0,   0,   0,   0,   0,   0,   0,   0,   0,   0,   0,   0,   0,   0
2016,14131030,131,RAIN,MM    , 2,27,   0,   0,   0,   0,   0,   0,   0,   0,   0,   0,   0,   0,   0,   0,   0,   0,   0,   0,   0,   0,   0,   0,   0,   0
2016,14131030,131,RAIN,MM    , 2,28,   0,   0,   0,   0,   0,   0,   0,   0,   0,   0,   0,   0,   0,   0,   0,   0,   0,   0,   0,   0,   0,   0,   0,   0
2016,14131030,131,RAIN,MM    , 2,29,9998,9998,9998,9998,9998,9998,9998,9998,9998,9998,9998,9998,9998,9998,9998,9998,9998,9998,9998,9998,9998,9998,9998,9998
2016,14131030,131,RAIN,MM    , 2,30,9998,9998,9998,9998,9998,9998,9998,9998,9998,9998,9998,9998,9998,9998,9998,9998,9998,9998,9998,9998,9998,9998,9998,9998
2016,14131030,131,RAIN,MM    , 2,31,9998,9998,9998,9998,9998,9998,9998,9998,9998,9998,9998,9998,9998,9998,9998,9998,9998,9998,9998,9998,9998,9998,9998,9998
2016,14131030,131,RAIN,MM    , 3, 1,   0,   0,   0,   0,   0,   0,   0,   0,   0,   0,   0,   0,   0,   0,   0,   0,   0,   0,   0,   2,   1,   2,   2,   3
2016,14131030,131,RAIN,MM    , 3, 2,   3,   4,   1,   0,   0,   0,   0,   0,   0,   0,   0,   0,   0,   3,   1,   1,   0,   1,   2,   1,   0,   0,   0,   0
2016,14131030,131,RAIN,MM    , 3, 3,   0,   0,   0,   0,   0,   0,   0,   0,   0,   0,   0,   0,   0,   0,   0,   0,   0,   0,   0,   0,   0,   0,   0,   0
2016,14131030,131,RAIN,MM    , 3, 4,   0,   0,   0,   0,   0,   0,   0,   0,   0,   0,   0,   0,   0,   0,   0,   0,   0,   0,   0,   0,   0,   0,   0,   0
2016,14131030,131,RAIN,MM    , 3, 5,   0,   0,   0,   0,   0,   0,   0,   0,   0,   0,   0,   0,   0,   0,   0,   0,   0,   0,   0,   0,   0,   0,   0,   0
2016,14131030,131,RAIN,MM    , 3, 6,   0,   0,   0,   0,   0,   0,   0,   0,   0,   0,   0,   0,   1,   0,   2,   3,   0,   0,   0,   0,   0,   0,   0,   0
2016,14131030,131,RAIN,MM    , 3, 7,   0,   0,   0,   0,   0,   0,   0,   0,   0,   0,   0,   0,   0,   0,   0,   0,   0,   0,   0,   0,   0,   0,   0,   0
2016,14131030,131,RAIN,MM    , 3, 8,   0,   0,   0,   0,   0,   0,   0,   0,   0,   0,   0,   0,   2,   0,   0,   0,   0,   0,   0,   0,   0,   0,   0,   0
2016,14131030,131,RAIN,MM    , 3, 9,   0,   0,   0,   0,   0,   0,   0,   0,   0,   0,   0,   0,   0,   0,   0,   0,   0,   0,   0,   0,   0,   0,   0,   0
2016,14131030,131,RAIN,MM    , 3,10,   0,   0,   0,   0,   0,   0,   0,   0,   0,   0,   0,   0,   0,   0,   0,   0,   0,   0,   0,   0,   0,   0,   0,   0
2016,14131030,131,RAIN,MM    , 3,11,   0,   0,   0,   0,   0,   0,   0,   0,   0,   0,   0,   0,   0,   0,   0,   0,   0,   0,   0,   0,   0,   0,   0,   0
2016,14131030,131,RAIN,MM    , 3,12,   0,   0,   0,   0,   0,   0,   0,   0,   0,   0,   0,   0,   0,   0,   0,   0,   0,   0,   0,   0,   0,   0,   0,   0
2016,14131030,131,RAIN,MM    , 3,13,   0,   0,   0,   1,   0,   0,   0,   0,   0,   0,   0,   0,   0,   0,   0,   0,   0,   0,   2,   1,   0,   0,   1,   1
2016,14131030,131,RAIN,MM    , 3,14,   1,   1,   1,   0,   0,   0,   0,   1,   0,   0,   0,   1,   0,   0,   0,   0,   0,   0,   0,   0,   0,   0,   0,   0
2016,14131030,131,RAIN,MM    , 3,15,   0,   0,   0,   0,   0,   0,   0,   0,   0,   0,   0,   0,   0,   0,   0,   0,   0,   0,   0,   0,   0,   0,   0,   0
2016,14131030,131,RAIN,MM    , 3,16,   0,   0,   0,   0,   0,   0,   0,   0,   0,   0,   0,   0,   0,   0,   0,   0,   0,   0,   0,   0,   0,   0,   0,   0
2016,14131030,131,RAIN,MM    , 3,17,   0,   0,   0,   0,   0,   0,   0,   0,   0,   0,   0,   0,   0,   0,   0,   0,   0,   0,   0,   0,   0,   0,   0,   0
2016,14131030,131,RAIN,MM    , 3,18,   0,   0,   0,   0,   0,   0,   0,   0,   0,   0,   0,   0,   0,   0,   0,   0,   0,   0,   0,   0,   0,   0,   0,   0
2016,14131030,131,RAIN,MM    , 3,19,   0,   0,   0,   0,   0,   0,   0,   0,   0,   0,   0,   0,   0,   0,   0,   0,   0,   0,   0,   0,   0,   0,   0,   0
2016,14131030,131,RAIN,MM    , 3,20,   0,   0,   0,   0,   0,   0,   0,   0,   0,   0,   0,   0,   0,   0,   0,   0,   0,   0,   0,   0,   0,   0,   0,   0
2016,14131030,131,RAIN,MM    , 3,21,   0,   0,   0,   0,   0,   0,   2,   1,   2,   2,   1,   1,   1,   3,   2,   2,   5,   2,   1,   1,   1,   2,   0,   0
2016,14131030,131,RAIN,MM    , 3,22,   0,   0,   0,   0,   0,   0,   0,   0,   0,   0,   0,   0,   0,   0,   0,   0,   0,   0,   0,   0,   0,   0,   0,   0
2016,14131030,131,RAIN,MM    , 3,23,   0,   0,   0,   0,   0,   0,   0,   0,   0,   0,   0,   0,   0,   0,   0,   0,   0,   0,   0,   0,   0,   0,   0,   0
2016,14131030,131,RAIN,MM    , 3,24,   0,   0,   0,   0,   0,   0,   0,   0,   0,   0,   0,   0,   0,   0,   0,   0,   0,   0,   0,   0,   0,   0,   0,   0
2016,14131030,131,RAIN,MM    , 3,25,   0,   0,   0,   0,   0,   0,   0,   0,   0,   0,   0,   0,   0,   0,   0,   0,   0,   0,   0,   0,   0,   0,   0,   0
2016,14131030,131,RAIN,MM    , 3,26,   0,   0,   0,   1,   1,   1,   0,   1,   1,   2,   1,   0,   0,   1,   1,   1,   0,   1,   1,   1,   0,   0,   1,   1
2016,14131030,131,RAIN,MM    , 3,27,   0,   1,   2,   3,   4,   3,   3,   2,   1,   1,   1,   0,   0,   1,   0,   0,   0,   0,   0,   0,   0,   0,   0,   0
2016,14131030,131,RAIN,MM    , 3,28,   0,   0,   0,   0,   0,   0,   0,   0,   0,   0,   0,   0,   0,   0,   0,   0,   0,   0,   0,   0,   0,   0,   0,   0
2016,14131030,131,RAIN,MM    , 3,29,   0,   0,   0,   0,   0,   0,   0,   0,   0,   0,   0,   0,   0,   0,   0,   0,   0,   0,   0,   0,   0,   0,   0,   0
2016,14131030,131,RAIN,MM    , 3,30,   0,   0,   0,   0,   0,   0,   0,   0,   0,   0,   0,   0,   0,   0,   0,   0,   0,   0,   0,   0,   0,   0,   0,   0
2016,14131030,131,RAIN,MM    , 3,31,   0,   0,   0,   0,   0,   0,   0,   0,   0,   0,   0,   0,   0,   0,   1,   1,   2,   2,   1,   1,   1,   1,   1,   2
